{
  "coefficients": [
    -0.11724165612074203,
    0.06223316125683276,
    -0.021221855341609214,
    -0.13082764716020004,
    -0.03390651535991307,
    -0.11152355406274161,
    -0.03093926598881482,
    -0.09102950951222737,
    0.07087691260556081,
    -0.09323206408631825,
    -0.04921474548114519,
    0.024180278037217406,
    0.07358967367715737,
    0.07989225643904593,
    -0.09874833427187103,
    0.056120271033491057,
    -0.008761946097939994,
    0.09497313926387684,
    0.004703270009742985,
    -0.06560098720431162,
    0.12105446128646863,
    0.09236074234892913,
    -0.8692914931760662,
    -1.346371041460008,
    1.070365207246734,
    0.8655439074816798,
    -1.2797467223112957,
    -0.06904198644777602,
    0.005320981614691229,
    -0.03265581896464743,
    -0.0011623694146827423,
    0.042838698901119285
  ],
  "intercept": -1.1447427490565942,
  "scaler_mean": [
    74.96044211751018,
    0.5002908667830134,
    0.6980802792321117,
    1.283304246655032,
    27.687407964864946,
    0.28679464805119254,
    9.978132722943512,
    4.942194981355307,
    4.972311768365949,
    7.038043623462891,
    0.24956369982547993,
    0.1372891215823153,
    0.15532286212914484,
    0.20767888307155322,
    0.09947643979057591,
    0.15241419429901104,
    134.27283304246654,
    89.43630017452007,
    224.90275476826253,
    124.46051570294031,
    58.95370511380209,
    229.27694481338054,
    14.73799444283931,
    5.069688378267585,
    0.20593368237347295,
    0.15648632926119838,
    4.970744289755442,
    0.20127981384525886,
    0.15881326352530542,
    0.14834205933682373,
    0.16172193135543922,
    0.29668411867364747
  ],
  "scaler_scale": [
    9.062362636667043,
    0.4999999153965074,
    0.994546989499809,
    0.9040761008933458,
    7.20718697412794,
    0.4522648315980198,
    5.775682726219782,
    2.826496382302873,
    2.9000764733076947,
    1.7576541196121387,
    0.43276051062325177,
    0.3441523190063835,
    0.3622121900615101,
    0.4056456145426761,
    0.29930064770589426,
    0.35942190761721016,
    25.877941459111245,
    17.759900431387997,
    42.59330272116984,
    43.330907608333234,
    23.216066452792333,
    102.6948222572367,
    8.636814278674079,
    2.889594398213259,
    0.40438224594753724,
    0.36331578277794946,
    2.946748432961299,
    0.40095666896022175,
    0.36550186162829224,
    0.35543873279165,
    0.36819552994856664,
    0.4567960731009939
  ],
  "features": [
    "Age",
    "Gender",
    "Ethnicity",
    "EducationLevel",
    "BMI",
    "Smoking",
    "AlcoholConsumption",
    "PhysicalActivity",
    "DietQuality",
    "SleepQuality",
    "FamilyHistoryAlzheimers",
    "CardiovascularDisease",
    "Diabetes",
    "Depression",
    "HeadInjury",
    "Hypertension",
    "SystolicBP",
    "DiastolicBP",
    "CholesterolTotal",
    "CholesterolLDL",
    "CholesterolHDL",
    "CholesterolTriglycerides",
    "MMSE",
    "FunctionalAssessment",
    "MemoryComplaints",
    "BehavioralProblems",
    "ADL",
    "Confusion",
    "Disorientation",
    "PersonalityChanges",
    "DifficultyCompletingTasks",
    "Forgetfulness"
  ],
  "accuracy": 0.8302,
  "gb_accuracy": 0.9581
}
